,Title,Short Description,Price,Discount
0,VINCENT CHASE,"Polarized, UV Protection Wayfarer Sunglasses (53)",₹799,60% off
1,VINCENT CHASE,"Polarized, UV Protection Wayfarer Sunglasses (57)",₹799,60% off
2,Fastrack,UV Protection Wayfarer Sunglasses (Free Size),₹758,15% off
3,PIRASO,UV Protection Aviator Sunglasses (54),₹200,87% off
4,PIRASO,UV Protection Aviator Sunglasses (54),₹200,87% off
5,Fastrack,"Gradient, UV Protection Wayfarer Sunglasses (Free Size)",₹509,36% off
6,Elligator,UV Protection Round Sunglasses (54),₹295,88% off
7,VINCENT CHASE,UV Protection Aviator Sunglasses (Free Size),₹999,50% off
8,Fastrack,UV Protection Wayfarer Sunglasses (Free Size),₹689,23% off
9,Fastrack,UV Protection Aviator Sunglasses (Free Size),₹689,23% off
10,Fastrack,"Mirrored, UV Protection Wayfarer Sunglasses (Free Size)",₹738,26% off
11,ROZZETTA CRAFT,"UV Protection, Gradient Rectangular Sunglasses (Free Si...",₹383,80% off
12,SHAAH COLLECTIONS,"UV Protection, Polarized, Mirrored Rectangular Sunglass...",₹198,88% off
13,Fastrack,"Gradient, UV Protection Wayfarer Sunglasses (Free Size)",₹652,18% off
14,Fastrack,UV Protection Shield Sunglasses (Free Size),₹879,2% off
15,VINCENT CHASE,UV Protection Aviator Sunglasses (Free Size),₹999,50% off
16,Singco India,"UV Protection, Riding Glasses, Others Aviator, Wayfarer...",₹229,67% off
17,PIRASO,UV Protection Aviator Sunglasses (54),₹200,87% off
18,New Specs,"Mirrored, UV Protection, Riding Glasses, Others Round S...",₹299,81% off
19,VINCENT CHASE,"Polarized, UV Protection Wayfarer Sunglasses (53)",₹799,60% off
20,ROZZETTA CRAFT,UV Protection Retro Square Sunglasses (Free Size),₹474,78% off
21,Singco India,UV Protection Aviator Sunglasses (Free Size),₹362,69% off
22,kingsunglasses,"Mirrored, UV Protection Wayfarer Sunglasses (Free Size)",₹284,89% off
23,VINCENT CHASE,"Polarized, UV Protection Wayfarer Sunglasses (57)",₹999,50% off
24,NuVew,"UV Protection, Night Vision, Riding Glasses Sports Sung...",₹267,65% off
25,IDEE,UV Protection Wayfarer Sunglasses (50),"₹2,050",no discount
26,Fastrack,UV Protection Aviator Sunglasses (58),"₹1,059",18% off
27,VINCENT CHASE,by Lenskart UV Protection Rectangular Sunglasses (54),₹799,60% off
28,Elligator,UV Protection Round Sunglasses (55),₹266,86% off
29,Rich Club,Polarized Round Sunglasses (48),₹199,60% off
30,Fastrack,UV Protection Wayfarer Sunglasses (52),₹799,no discount
31,VINCENT CHASE,UV Protection Wayfarer Sunglasses (51),₹999,50% off
32,Fastrack,UV Protection Wayfarer Sunglasses (Free Size),₹797,11% off
33,Fastrack,"Gradient, UV Protection Wayfarer Sunglasses (Free Size)",₹619,22% off
34,GANSTA,"UV Protection, Riding Glasses Wayfarer Sunglasses (53)",₹209,88% off
35,VINCENT CHASE,by Lenskart UV Protection Wayfarer Sunglasses (51),₹999,50% off
36,Fastrack,UV Protection Wayfarer Sunglasses (Free Size),₹733,18% off
37,GANSTA,UV Protection Aviator Sunglasses (57),₹207,80% off
38,IDEE,UV Protection Wayfarer Sunglasses (18),"₹2,050",no discount
39,VINCENT CHASE,"Polarized, UV Protection Aviator Sunglasses (58)",₹999,no discount
40,GANSTA,UV Protection Aviator Sunglasses (57),₹239,88% off
41,Fastrack,UV Protection Wayfarer Sunglasses (55),₹751,16% off
42,IDEE,UV Protection Wayfarer Sunglasses (18),"₹2,050",no discount
43,Villain,Others Wayfarer Sunglasses (Free Size),₹599,40% off
44,GANSTA,"UV Protection, Night Vision, Riding Glasses Aviator Sun...",₹248,87% off
45,kingsunglasses,"Mirrored, UV Protection Wayfarer, Wayfarer, Wayfarer, W...",₹284,81% off
46,Fastrack,UV Protection Rectangular Sunglasses (59),"₹1,059",18% off
47,ROZZETTA CRAFT,"UV Protection, Gradient Retro Square Sunglasses (Free S...",₹406,79% off
48,IDEE,"Mirrored, UV Protection Aviator Sunglasses (18)","₹2,450",no discount
49,SUNBEE,"UV Protection, Polarized, Mirrored Wayfarer Sunglasses ...",₹265,73% off
50,kingsunglasses,UV Protection Round Sunglasses (54),₹213,80% off
51,Redex,UV Protection Wayfarer Sunglasses (66),₹249,80% off
52,Elligator,UV Protection Round Sunglasses (53),₹295,88% off
53,Fastrack,UV Protection Wayfarer Sunglasses (Free Size),₹824,8% off
54,Fastrack,UV Protection Wayfarer Sunglasses (57),₹503,37% off
55,hipe,"UV Protection, Gradient, Mirrored, Riding Glasses Recta...",₹284,78% off
56,Fastrack,UV Protection Aviator Sunglasses (Free Size),₹759,15% off
57,PIRASO,UV Protection Aviator Sunglasses (58),₹319,87% off
58,Silver Kartz,UV Protection Oval Sunglasses (56),₹224,81% off
59,VINCENT CHASE,"by Lenskart Polarized, UV Protection Aviator Sunglasses...","₹1,179",41% off
60,Fastrack,UV Protection Wayfarer Sunglasses (Free Size),₹649,18% off
61,SHAAH COLLECTIONS,UV Protection Round Sunglasses (Free Size),₹331,80% off
62,ROZZETTA CRAFT,"UV Protection, Gradient Rectangular Sunglasses (Free Si...",₹383,80% off
63,VINCENT CHASE,"by Lenskart Polarized, UV Protection Rectangular Sungla...",₹799,60% off
64,SHAAH COLLECTIONS,"UV Protection, Polarized, Mirrored Rectangular Sunglass...",₹215,78% off
65,NuVew,"UV Protection, Mirrored Aviator Sunglasses (58)",₹185,78% off
66,Fastrack,UV Protection Round Sunglasses (52),"₹1,234",5% off
67,ROZZETTA CRAFT,UV Protection Retro Square Sunglasses (Free Size),₹380,77% off
68,Fastrack,UV Protection Aviator Sunglasses (Free Size),₹546,31% off
69,ROYAL SON,"Polarized, UV Protection Aviator Sunglasses (58)",₹599,70% off
70,Silver Kartz,UV Protection Wayfarer Sunglasses (Free Size),₹194,87% off
71,ROZZETTA CRAFT,"UV Protection, Riding Glasses Rectangular Sunglasses (F...",₹426,80% off
72,United Colors of Benetton,"Mirrored, UV Protection Aviator Sunglasses (57)","₹1,451",66% off
73,NuVew,UV Protection Sports Sunglasses (62),₹345,72% off
74,GANSTA,"UV Protection, Mirrored Wayfarer Sunglasses (53)",₹199,80% off
75,VINCENT CHASE,"by Lenskart Polarized, UV Protection Wayfarer Sunglasse...","₹1,179",41% off
76,PHENOMENAL,"UV Protection, Mirrored Retro Square Sunglasses (53)",₹399,80% off
77,Fastrack,"Gradient, UV Protection Wayfarer Sunglasses (Free Size)",₹717,10% off
78,IDEE,UV Protection Wayfarer Sunglasses (55),"₹2,450",no discount
79,ROZZETTA CRAFT,UV Protection Rectangular Sunglasses (Free Size),₹378,74% off
80,Fastrack,UV Protection Oval Sunglasses (Free Size),"₹1,970",1% off
81,Fastrack,UV Protection Sports Sunglasses (Free Size),₹771,14% off
82,Fastrack,UV Protection Wayfarer Sunglasses (Free Size),₹655,18% off
83,IDEE,"Gradient, UV Protection Aviator Sunglasses (58)","₹2,250",no discount
84,Fastrack,UV Protection Wayfarer Sunglasses (Free Size),₹758,15% off
85,Fastrack,UV Protection Wrap-around Sunglasses (Free Size),₹689,23% off
86,Fastrack,UV Protection Aviator Sunglasses (Free Size),₹627,30% off
87,Singco India,UV Protection Round Sunglasses (Free Size),₹183,81% off
88,ROYAL SON,Mirrored Aviator Sunglasses (55),₹319,78% off
89,PHENOMENAL,"UV Protection, Mirrored, Gradient Retro Square Sunglass...",₹259,87% off
90,Fastrack,UV Protection Round Sunglasses (52),₹731,8% off
91,elegante,Mirrored Round Sunglasses (Free Size),₹359,82% off
92,GANSTA,"UV Protection, Gradient Wayfarer Sunglasses (53)",₹279,86% off
93,ROYAL SON,"UV Protection, Gradient Wayfarer Sunglasses (55)",₹183,81% off
94,New Specs,UV Protection Rectangular Sunglasses (Free Size),₹217,88% off
95,hipe,"Mirrored, UV Protection, Gradient Round Sunglasses (55)",₹210,85% off
96,ROZZETTA CRAFT,"UV Protection, Gradient Retro Square Sunglasses (Free S...",₹406,79% off
97,Fastrack,UV Protection Aviator Sunglasses (58),"₹1,085",16% off
98,PIRASO,UV Protection Butterfly Sunglasses (65),₹359,86% off
99,povty,UV Protection Wayfarer Sunglasses (Free Size),₹349,65% off
